<?xml version="1.0"?>
<!DOCTYPE module PUBLIC
    "-//Puppy Crawl//DTD Check Configuration 1.2//EN"
    "http://www.puppycrawl.com/dtds/configuration_1_2.dtd">
<module name="Checker">
    <module name="NewlineAtEndOfFile"/>
    <module name="Header">
        <property name="headerFile" value="checkstyle/fileheader.txt"/>
    </module>
    <module name="FileLength"/>
    <module name="FileTabCharacter"/>
    <module name="TreeWalker">
        <module name="AvoidStarImport">
	      <property name="allowStaticMemberImports" value="true"/>
        </module>
        <module name="RedundantImport"/>
        <module name="UnusedImports"/>
        <module name="ImportOrder"/>
        <module name="MethodLength">
            <property name="max" value="200"/>
        </module>
        <module name="AnonInnerLength">
            <property name="max" value="60"/>
        </module>
        <module name="ParameterNumber"/>
        <module name="NeedBraces"/>
        <module name="GenericWhitespace"/>
        <module name="MethodParamPad"/>
        <module name="NoWhitespaceAfter"/>
        <module name="FileContentsHolder"/>
    </module>
<module name="SuppressionCommentFilter">
    <property name="offCommentFormat" value="&lt;editor-fold defaultstate=&quot;collapsed&quot; desc=&quot;Generated Code&quot;&gt;"/>
    <property name="onCommentFormat" value="&lt;/editor-fold&gt;"/>
</module>
</module>

